[
  {
    "id": "go_m906fhfow",
    "name": "Global Light",
    "transform": {
      "position": [
        5,
        10,
        7
      ],
      "rotation": [
        2.5120991414002964,
        -0.4416740873183604,
        -1.0400738760154273
      ],
      "scale": [
        1,
        1,
        1
      ]
    },
    "components": [
      {
        "name": "DirectionalLight",
        "color": "#ffffff",
        "intensity": 1
      }
    ]
  },
  {
    "id": "go_hl0u3cd37",
    "name": "Floor(Ground)",
    "transform": {
      "position": [
        0.39786374431647786,
        0.8965139829138506,
        0.9476313703884713
      ],
      "rotation": [
        0,
        0,
        0
      ],
      "scale": [
        41.47297877605824,
        0.1,
        49.83111833355056
      ]
    },
    "components": [
      {
        "name": "MeshRenderer",
        "geometryType": "Box",
        "materialName": "grass"
      },
      {
        "name": "MeshRenderer",
        "geometryType": "Box",
        "materialName": "Default"
      }
    ]
  },
  {
    "id": "go_2ga0pnm3h",
    "name": "Body(Player)",
    "transform": {
      "position": [
        0,
        1.687673790216119,
        1.6196740341590337
      ],
      "rotation": [
        0,
        0,
        0
      ],
      "scale": [
        1,
        1,
        1
      ]
    },
    "components": [
      {
        "name": "MeshRenderer",
        "geometryType": "Sphere",
        "materialName": "blueR"
      },
      {
        "name": "Script",
        "id": "comp_fuj02u5z3",
        "scriptContent": "// Available: gameObject, threeObject, deltaTime\n// Example: this.counter = (this.counter || 0) + 1;\n// Example: gameObject.getComponent('AudioSource').play();\n\nfunction onUpdate(deltaTime, gameObject, threeObject) {\n    // threeObject.rotation.y += 1 * deltaTime;\n}\n"
      }
    ]
  },
  {
    "id": "go_bew8ao5zb",
    "name": "EmptyGameObject",
    "transform": {
      "position": [
        0,
        0,
        0
      ],
      "rotation": [
        0,
        0,
        0
      ],
      "scale": [
        1,
        1,
        1
      ]
    },
    "components": []
  }
]